ID,Priorité,Domaine,Problème,Emplacement,Recommandation,Impact,Effort,Risque,Confiance,Type,Statut
"CRO-01","P0","CRO / acquisition / conversion (site dropp.care, arrivée → clic App Store)","Hero ne dit ni QUOI précisément ni POUR QUI en <5s","src/templates/home.html:534-538 (hero) ; locales/fr/home.json:8-21","Ajouter une ligne explicite dans le hero nommant la fonction ET le public, sans casser le ton premium. La placer sous le wordmark, avant ou fusionnée avec le sub.","critique","<2h","Risque d'alourdir un hero volontairement épuré ; tester que le ton premium reste intact.","élevé","correction","à faire"
"CRO-02","P0","CRO / acquisition / conversion (site dropp.care, arrivée → clic App Store)","Hero scrollytelling 420svh retarde la proposition de valeur","src/templates/home.html:158 (.hero-story.on { height:420svh }) et :175 (430svh mobile)","Réduire la longueur du scrollytelling (viser ~200-250svh) pour atteindre la démo et les douleurs plus vite, ou permettre un accès direct au contenu concret. À valider par A/B (le CTA restant visible atténue partiellement).","important","<1j","Le scrollytelling est un différenciateur de craft ; le raccourcir trop peut banaliser l'entrée. Mesurer le taux de scroll jusqu'à #demo avant/après.","moyen","experimentation","à faire"
"CRO-03","P1","CRO / acquisition / conversion (site dropp.care, arrivée → clic App Store)","Zone morte : 9 sections sans aucun CTA App Store, dont le calculateur (pic d'intention)","src/templates/home.html — CTA uniquement en :573 (hero), :977 (tarifs), :1005 (closing) ; sections sans CTA en :580,:629,:638,:721,:753,:787,:807,:817,:903","Ajouter un CTA App Store juste après la démo/calculateur interactif, et/ou un CTA collant discret qui apparaît après la sortie du hero.","important","<2h","Un CTA collant peut gêner la lecture sur mobile ; le rendre discret et refermable.","élevé","optimisation","à faire"
"CRO-04","P1","CRO / acquisition / conversion (site dropp.care, arrivée → clic App Store)","Cinq sections Pro consécutives avant la réassurance 'gratuit'","src/templates/home.html:753-903 (Watch, Double Tap, Mode Tap, Perfusions simultanées, Aperçu Pro) avant Tarifs :946","Insérer un rappel court 'ce que vous obtenez gratuitement' plus tôt (après les 3 gestes, avant le bloc Pro), ou étiqueter visiblement le bloc Pro comme 'Pour aller plus loin (Pro)' pour clarifier que ce qui précède est gratuit.","modéré","<2h","Ne pas dupliquer la section Tarifs ni casser le rythme narratif ; garder concis.","moyen","optimisation","à faire"
"CRO-05","P2","CRO / acquisition / conversion (site dropp.care, arrivée → clic App Store)","Le dernier bouton de la page renvoie à #demo au lieu de l'App Store","src/templates/home.html:1010 (a.btn href='#demo', libellé 'Revoir DROPP en action', home.json:212)","Faire du téléchargement l'action dominante du dernier écran : soit pointer ce bouton vers l'App Store, soit reléguer 'Revoir' en lien secondaire discret sous le badge.","faible","<30min","Quasi nul ; redondance avec le badge juste au-dessus à surveiller (styliser différemment).","élevé","correction","à faire"
"CRO-06","P2","CRO / acquisition / conversion (site dropp.care, arrivée → clic App Store)","Aucun en-tête / nav ni CTA persistant pour les arrivées deep-link","src/templates/home.html — unique <header> = le hero (:529) ; sélecteur de langue en footer (:1015)","Ajouter un en-tête minimal collant (wordmark + langue + CTA 'Télécharger') apparaissant au scroll passé le hero, cohérent avec l'esthétique sobre.","modéré","<1j","Un header fixe peut alourdir un design volontairement épuré ; le garder minimal et n'apparaître qu'au scroll.","moyen","optimisation","à faire"
"CRO-07","P2","CRO / acquisition / conversion (site dropp.care, arrivée → clic App Store)","Conditions d'abonnement et formule de calcul absentes du site (objections résiduelles)","Site (recon §7) : pas de CGV/mentions d'abonnement détaillées ; formule gtt/min non affichée ; disclaimer en home.json:188","Ajouter une ligne sur la formule standard (V x facteur / durée) près de la démo 'Calculez', et un lien vers des conditions d'abonnement claires (ou les résumer dans la FAQ).","modéré","<2h","Formulation juridique à faire valider (relève aussi de l'agent juridique) ; ne pas sur-promettre sur la fiabilité clinique.","moyen","verification-juridique","à faire"
"CRO-08","P3","CRO / acquisition / conversion (site dropp.care, arrivée → clic App Store)","Colonne Pro affichée avant Gratuit dans les Tarifs","src/templates/home.html:950 (tier .pro en premier dans le DOM) puis :964 (tier gratuit)","Tester l'inversion (Gratuit à gauche/en premier) pour la promesse 'télécharger gratuitement', ou renforcer visuellement le titre rassurant.","faible","<30min","Faible ; à A/B tester, l'ordre Pro-first peut aussi servir un ancrage de valeur.","faible","experimentation","à faire"
"UX-01","P1","UX/UI mobile+web & accessibilité (WCAG) — site dropp.care","Disclaimer clinique + copyright quasi invisibles (contraste 1.59:1)","src/templates/home.html:493-494 (footer{color:var(--faint)}) ; texte :1020-1021","Passer le corps du footer à --body (4.75:1) au minimum ; mettre le disclaimer clinique en --ink (10.2:1).","critique","<30min","Aucun visuel notable ; le footer devient simplement lisible.","élevé","correction","à faire"
"UX-02","P1","UX/UI mobile+web & accessibilité (WCAG) — site dropp.care","Système de micro-libellés sous le seuil AA (--soft 2.30:1)","src/templates/home.html : .eyebrow (:49), .try (:252), .lbl (:75), .colhead (:285), .clab (:259), .tier .name (:455), .tapdemo .tu (:313), .dt-cap (:360)","Réserver --soft aux glyphes/unités purement décoratifs ; passer les eyebrows et libellés porteurs de sens à --body. Sur ce fond ivoire, seul ~#6F695E atteint 4.5:1 (testé #7E776B=3.87, #847D71=3.56) : il faut assumer --body.","important","<2h","Hiérarchie visuelle à maintenir via graisse/taille plutôt que teinte ; les libellés paraîtront un cran plus présents.","élevé","correction","à faire"
"UX-03","P1","UX/UI mobile+web & accessibilité (WCAG) — site dropp.care","Focus clavier absent/incohérent sur les rouleaux du calculateur","src/templates/home.html:42-43 (règle focus-visible) vs :650-654 (div.roller[role=slider][tabindex=0])","Élargir le sélecteur aux éléments focusables custom.","modéré","<30min","Aucun ; ajoute un anneau cohérent avec le reste du site.","moyen","correction","à faire"
"UX-04","P2","UX/UI mobile+web & accessibilité (WCAG) — site dropp.care","Le film s'auto-joue (et tente le son) sans respecter prefers-reduced-motion","src/templates/home.html:912-943 (script film), enter() :922-934","1) si reduced-motion, ne pas auto-jouer (poster + lecture manuelle) ; 2) démarrer toujours muet, activer le son seulement sur le bouton Son.","modéré","<30min","Le film ne démarre plus tout seul pour une partie des visiteurs ; conversion vidéo légèrement réduite mais conforme.","élevé","correction","à faire"
"UX-05","P2","UX/UI mobile+web & accessibilité (WCAG) — site dropp.care","Hiérarchie de titres faible ; sections sans élément heading","src/templates/home.html : section « Vous connaissez ce moment » :629-637 (aucun titre) ; eyebrows en <p> ; sauts eyebrow→h3 (:639,:788)","Donner un heading réel (h2 discret) à chaque section, ou relier section↔eyebrow via aria-labelledby ; ne pas transformer en heading les eyebrows quand un vrai titre suit déjà.","modéré","<2h","Faible ; vérifier que le style h2 discret ne casse pas le rythme visuel.","élevé","correction","à faire"
"UX-06","P2","UX/UI mobile+web & accessibilité (WCAG) — site dropp.care","Texte de lecture pile sur le seuil AA (fragile) à petite taille sur --surface","src/templates/home.html : .tier .note 12px (:460), .clinic 12px (:469), .dt.requirement 12.5px (:759)","Pour le texte ≤12.5px sur --surface, gris un cran plus foncé (~6:1) ou remonter à 13-14px.","faible","<30min","Aucun ; robustesse accrue.","élevé","optimisation","à faire"
"UX-07","P2","UX/UI mobile+web & accessibilité (WCAG) — site dropp.care","Aucun CTA persistant ni navigation sur une page longue (conversion)","src/templates/home.html : bouton .hs-get en position:absolute dans le hero (:143), disparaît au scroll ; seul retour = #demo (:1010)","Tester un CTA « Télécharger » discret réapparaissant en position:fixed après le hero (respectant reduced-motion), ou une mini-nav ancrée, sans alourdir l'esthétique épurée.","modéré","<1j","Peut heurter le parti pris minimal ; à A/B tester avant généralisation.","moyen","experimentation","à faire"
"UX-08","P2","UX/UI mobile+web & accessibilité (WCAG) — site dropp.care","Site forcé en clair uniquement — lisibilité de nuit pour la cible","src/templates/home.html:7 (<meta name=""color-scheme"" content=""only light"">), theme-color #F4EFE6","Proposer un thème sombre du site (réutiliser les tokens Graphite) ou au minimum ne pas forcer only light. Arbitrage de marque (le parti pris ivoire premium est cohérent et assumé).","modéré",">1sem","Refonte des tokens et QA sur 14 langues + panneau déjà sombre ; effort réel, à planifier.","moyen","decision-strategique","à faire"
"UX-09","P3","UX/UI mobile+web & accessibilité (WCAG) — site dropp.care","Nav de langues du footer : 14 cibles tactiles minuscules et serrées","src/partials/i18n.css:40 (.flangs a { padding:6px 5px; font-size:11.5px })","Augmenter le padding vertical (≥10px) ou espacer davantage les liens de langue.","faible","<30min","Footer un peu plus haut ; négligeable.","moyen","optimisation","à faire"
"UX-10","P3","UX/UI mobile+web & accessibilité (WCAG) — site dropp.care","Wordmark du hero volontairement en gris doux sur nappe animée","src/templates/home.html:101 (.hs-title{color:var(--body)}), pilotage :1192-1197, fond canvas borné bg:[0.957,0.937,0.902] :1111","Garder ; vérifier seulement que la teinte du shader ne descend jamais sous 3:1 pour le wordmark (le fond du canvas est déjà borné, donc a priori OK).","faible","<30min","Aucun ; simple vérification, rien à corriger a priori.","faible","verification-juridique","à faire"
"COPYWR-01","P1","Copywriting & Positionnement / Marque","La fiche App Store se declare 'convertisseur de debit'","Texte promotionnel App Store (recon 01-reconnaissance.md sec.5 l.49)","Reecrire l'accroche App Store autour du rythme et du suivi, garder 'gratuit / sans donnee' en preuve, reserver le verbe 'calcule' au corps du texte et jamais au pitch d'accroche.","important","<30min","faible (champ promo editable dans App Store Connect, sans revalidation binaire)","élevé","decision-strategique","à faire"
"COPYWR-02","P1","Copywriting & Positionnement / Marque","La section Pro s'annonce par un theme cosmetique plutot que par sa valeur","locales/fr/home.json pro.title l.129 ('Le theme Graphite - et tout ce qui veille avec.') et pro.eyebrow 'Apercu Pro'","Titrer sur la capacite (ce qui veille pour l'utilisateur), faire du theme Graphite une preuve visuelle et non l'accroche.","modéré","<30min","faible","moyen","optimisation","à faire"
"COPYWR-03","P2","Copywriting & Positionnement / Marque","Verbe-cle incoherent : 'donne la cadence' (hero) vs 'bat la cadence' (meta)","locales/fr/home.json hero.sub l.12 ('...donne la cadence...') vs meta.description/ogDescription/jsonLdDescription l.4-6 ('...bat la cadence...')","Unifier sur 'bat la cadence' partout, y compris dans les 14 locales.","faible","<30min","faible","élevé","correction","à faire"
"COPYWR-04","P2","Copywriting & Positionnement / Marque","Casse du wordmark incoherente : DROPP vs Dropp","locales/fr/home.json : 18 occurrences 'DROPP' (hero, corps, trust) vs 4 'Dropp' (meta.jsonLdDescription l.6, cal.colTempo l.71, pro.note l.147, closing.iconAlt l.208) ; fiche App Store = 'Dropp'","Fixer une regle : DROPP reserve au logotype/wordmark graphique ; Dropp en casse titre dans tout texte courant (aligne sur l'App Store). Appliquer via script sur home.json et les 13 autres locales.","faible","<2h","faible","élevé","correction","à faire"
"COPYWR-05","P2","Copywriting & Positionnement / Marque","Surabondance du tiret cadratin comme tic rythmique","locales/fr/home.json : 32 occurrences de '—' sur 30 chaines (mesure), ex. moment.conclusion, calc.body, calc.warn, cont.body, dt.body, pricing.freeName, pro.title, multi.note, faq.a1, closing.byline","Limiter a environ 1 tiret cadratin par section ; ailleurs couper en deux phrases ou remplacer par ':' ou un point. Conserver le tiret la ou il porte (pricing.freeNote, moment.conclusion).","faible","<2h","modéré (ne pas sur-corriger et casser les bonnes lignes qui portent le tiret utilement)","moyen","optimisation","à faire"
"COPYWR-06","P2","Copywriting & Positionnement / Marque","'Ete 2026' (closing) contredit 'Disponible sur l'App Store' (hero) + bouton live","locales/fr/home.json hero.soon l.9 + hero.getFree (bouton live) vs closing.eyebrow l.209 'Ete 2026' au-dessus de closing.title 'Disponible sur l'App Store.'","Si l'app est live, retirer ou reformuler 'Ete 2026' en marqueur de millesime non date, ou aligner sur 'Disponible maintenant'. Eviter deux statuts temporels contradictoires sur la meme page.","modéré","<30min","faible","moyen","correction","à faire"
"COPYWR-07","P3","Copywriting & Positionnement / Marque","Titre tap.title cryptique hors contexte","locales/fr/home.json tap.title l.110 ('Observez une cadence. Tapez-la. Lisez-la.')","Ancrer le sujet dans le titre ou l'eyebrow sans alourdir la cadence actuelle.","faible","<30min","faible","moyen","optimisation","à faire"
"COPYWR-08","P3","Copywriting & Positionnement / Marque","Parenthese technique trop longue dans cal.body","locales/fr/home.json cal.body l.69 ('...audible si vous l'activez (un tick discret, pas plus fort qu'un cliquetis, qui respecte le mode silencieux).')","Raccourcir a une seule idee.","faible","<30min","faible","moyen","optimisation","à faire"
"COPYWR-09","P3","Copywriting & Positionnement / Marque","'eprouve sur le terrain' : claim a surveiller avec 0 avis","locales/fr/home.json closing.byline l.211 ('Concu par un soignant, eprouve sur le terrain') vs fiche App Store 0 avis/0 note (recon sec.5 l.53)","Garder si le fondateur l'a reellement utilise en poste ; sinon nuancer vers une promesse d'intention.","faible","<30min","faible","faible","verification-juridique","à faire"
"CONFIA-01","P1","Confiance perçue & crédibilité (site dropp.care + fiche App Store)","Autorité du créateur-soignant: le levier le plus fort, le plus sous-exploité","locales/fr/home.json:211 (byline unique) rendu en src/templates/home.html:1009 (<p class=muted>, bas de page); fiche App Store développeur 'TONY KEVIN DOMINEAUX'","Exploiter honnêtement le créateur-soignant: bloc 'Pourquoi DROPP' ou micro-page 'À propos' (profession, contexte terrain, prénom). Relayer le cadre soignant en 1re ligne de description App Store (le nom légal ne change pas, la description si).","important","<2h","Ne rien inventer: n'affirmer que des faits réels sur le créateur, sinon retour de bâton sur l'authenticité qui est la valeur du produit.","élevé","decision-strategique","à faire"
"CONFIA-02","P1","Confiance perçue & crédibilité (site dropp.care + fiche App Store)","Preuve externe/sociale absente sur toute la chaîne","Ensemble du site (aucune section témoignage/avis dans src/templates/home.html) + fiche App Store (recon §5: 0 avis / 0 note)","Construire la preuve sociale éthiquement par étapes: (1) prompt d'avis in-app (SKStoreReviewController) déclenché APRÈS une perfusion suivie avec succès, jamais avant valeur reçue; (2) 2-4 verbatims de soignants testeurs avec attribution métier; (3) viser les IFSI/étudiants infirmiers comme premier bouche-à-oreille. Ne jamais fabriquer d'avis.","important","<1sem","Tout avis fabriqué détruirait la crédibilité; un prompt d'avis mal placé (avant valeur) génère des notes basses.","élevé","experimentation","à faire"
"CONFIA-03","P1","Confiance perçue & crédibilité (site dropp.care + fiche App Store)","Méthode de calcul non exposée: le 'pourquoi c'est juste' manque","Section Calculez (home.json:61-65), démo (home.json:33-49), FAQ facteurs (home.json:198-199) — aucun bloc formule/validation","Ajouter un bloc dépliable 'Comment DROPP calcule': formule explicite, rôle du facteur de goutte, règle d'arrondi, bornes du garde-fou de plausibilité. Transparence = autorité; différencie d'un calculateur boîte noire.","modéré","<2h","Ne pas alourdir le hero; garder en bloc dépliable. Vérifier que la formule affichée correspond exactement à l'implémentation de l'app.","moyen","optimisation","à faire"
"CONFIA-04","P1","Confiance perçue & crédibilité (site dropp.care + fiche App Store)","Conditions d'abonnement absentes du site: risque juridique et de confiance","Site entier (recon §7: pas de CGV/CGU dédiées, pas de mentions renouvellement auto/résiliation/rétractation); seule trace support.json:9","Publier une page 'Abonnement & conditions' (ou compléter les tarifs): renouvellement auto, prix, essai, résiliation via App Store, rétractation. Lier depuis Tarifs + footer. Faire valider par un juriste (agent juridique de l'audit).","important","<1j","Formulation exacte à faire valider juridiquement; hors périmètre de cet audit de trancher le droit applicable.","élevé","verification-juridique","à faire"
"CONFIA-05","P2","Confiance perçue & crédibilité (site dropp.care + fiche App Store)","'Éprouvé sur le terrain': claim non substantié vs identité 'sans surpromesse'","locales/fr/home.json:211 (byline closing)","Soit substantier (rattacher à des verbatims/tests réels dès qu'ils existent), soit adoucir vers une formulation factuelle non prouvable-fausse. Ne pas laisser une promesse de validation sans validation.","faible","<30min","Adoucir affaiblit légèrement le punch émotionnel; compensé par la crédibilité gagnée.","moyen","correction","à faire"
"CONFIA-06","P2","Confiance perçue & crédibilité (site dropp.care + fiche App Store)","Fiche App Store: langue déclarée 'Anglais' alors que l'app est en français","Fiche App Store (recon §5: langue déclarée Anglais, UI 100% FR, binaire non localisé)","Aligner la langue déclarée sur la réalité (Français) tant que l'app n'est pas localisée EN (localisation EN prévue v1.1). Corriger dès la prochaine soumission de métadonnées.","modéré","<30min","Aucun; correction purement bénéfique.","élevé","correction","à faire"
"CONFIA-07","P2","Confiance perçue & crédibilité (site dropp.care + fiche App Store)","Nom développeur affiché froid et sans cadre soignant","Fiche App Store — développeur 'TONY KEVIN DOMINEAUX' (recon §5)","Compenser via 1re ligne de description et sous-titre ('Conçu par un infirmier...'); explorer un nom d'affichage éditeur 'Dropp' si les options App Store Connect pour une EI le permettent.","faible","<30min","Options de nom d'affichage limitées pour une entreprise individuelle; à vérifier dans App Store Connect.","moyen","optimisation","à faire"
"CONFIA-08","P3","Confiance perçue & crédibilité (site dropp.care + fiche App Store)","Perception 'développeur solo / entreprise individuelle' à compenser","Mentions légales legal.json:6 ('entreprise individuelle', 'Entrepreneur individuel')","Transformer en force ('fait par un soignant indépendant, sans investisseur, sans pub, sans revente de données') et ajouter un engagement de support/réponse (délai indicatif) sur la page Assistance.","faible","<30min","Ne promettre un délai de réponse que s'il est réellement tenable, sinon effet inverse.","faible","optimisation","à faire"
"CONFIA-09","P3","Confiance perçue & crédibilité (site dropp.care + fiche App Store)","Confiance clinique uniquement défensive: équilibrer limites + méthode","home.json:188, FAQ a6 home.json:203, legal.json:16","Conserver le disclaimer et lui adosser le bloc 'Comment DROPP calcule' pour une confiance clinique à la fois humble et rigoureuse; placer les deux à proximité.","faible","<30min","Redondant avec le finding méthode si traité isolément; à faire en même temps.","moyen","optimisation","à faire"
"OFFRE-01","P1","Offre / Pricing / Abonnement (freemium Dropp)","Prix en euros figés dans les 14 langues (mismatch international)","locales/{en,ja,de,pt-br,…}/home.json → pricing.priceYear/priceMonth/priceLifetime","Hors zone euro, ne pas afficher un montant € brut. Option sûre sur un site statique : supprimer les chiffres absolus sur les locales non-euro et pointer vers l'App Store pour le prix local ; sinon étiqueter explicitement « prix zone euro, prix local affiché par l'App Store ».","modéré","<1j","Perte du repère chiffré sur certaines langues ; à compenser par un CTA clair « Voir le prix dans l'App Store ».","élevé","correction","à faire"
"OFFRE-02","P1","Offre / Pricing / Abonnement (freemium Dropp)","Présentation des prix trop dense, annuel et essai non valorisés","src/templates/home.html:961 (div.prices) + CSS .tier .prices home.html:458","Passer à un bloc 3 lignes, annuel en tête signalé « meilleure valeur » avec équivalence mensuelle et break-even du à vie ; faire du « 7 jours d'essai » le verbe du CTA Pro.","modéré","<1j","Ajouter des chiffres comparatifs alourdit visuellement si mal maquetté ; garder la sobriété (une ligne par plan).","moyen","optimisation","à faire"
"OFFRE-03","P2","Offre / Pricing / Abonnement (freemium Dropp)","Distinction « iPhone gratuit / Apple Watch Pro » restée implicite","home.html:722-820 (5 sections Pro) + pricing.proItem1 + faq.a3","Énoncer la frontière : une ligne explicite sous le titre Tarifs + une FAQ dédiée « Combien coûte Pro et que débloque-t-il ? ». Nommer la frontière valorise le Pro au lieu de la subir.","modéré","<2h","Faible ; rendre le mur explicite peut légèrement refroidir un prospect Watch, compensé par la baisse de déception post-install.","moyen","correction","à faire"
"OFFRE-04","P2","Offre / Pricing / Abonnement (freemium Dropp)","Aucune mention d'abonnement près du prix (renouvellement, résiliation, essai, EULA)","Section Tarifs home.html:946-979 ; pages légales confidentialite.html / mentions-legales.html","Ajouter sous les prix une note « À propos de l'abonnement » (renouvellement auto, résiliation à tout moment dans les réglages Apple, facturation après l'essai) + lien EULA. À coordonner avec l'agent juridique.","important","<2h","Texte légal mal calibré peut alourdir ; à faire valider par le juriste avant publication.","élevé","verification-juridique","à faire"
"OFFRE-05","P3","Offre / Pricing / Abonnement (freemium Dropp)","Le tarif Pro est présenté avant le Gratuit (tension avec le discours)","home.html:949-974 (carte tier pro en premier enfant) + CSS home.html:451-454","Mettre Gratuit à gauche / en premier, garder la bordure ambre pour signaler le Pro ; le récit et la lecture coïncident.","faible","<30min","Quasi nul ; simple réordonnancement DOM.","faible","optimisation","à faire"
"OFFRE-06","P3","Offre / Pricing / Abonnement (freemium Dropp)","Aucune porte d'entrée « établissement / école » pour les formateurs","Offre globale (IAP individuel App Store uniquement)","Ne rien changer au lancement ; garder en backlog une piste B2B/éducation (Apple Volume Purchase ou page « Pour les écoles ») traitée comme un canal, pas comme une remise.","faible",">1sem","Distraction si mené trop tôt ; à ne pas prioriser avant traction du modèle individuel.","faible","decision-strategique","à faire"
"FICHE-01","P0","Fiche App Store FR & ASO","Langue déclarée 'Anglais' alors que l'app est 100% française","Fiche App Store live (bloc Langues) ; app dropp-native (SwiftUI FR codé en dur, recon §6)","Dans App Store Connect, déclarer la localisation réelle = Français (ajouter FR, retirer EN tant que le binaire EN n'existe pas). Ne déclarer EN qu'une fois le binaire EN livré (v1.1).","critique","<30min","Aucun — correction déclarative alignée sur la réalité du binaire.","élevé","correction","à faire"
"FICHE-02","P1","Fiche App Store FR & ASO","Le champ NOM est sous-exploité (5/30 caractères)","Nom fiche live = 'Dropp'","Passer à 'Dropp — Débit de perfusion' (26 car.) pour capter 'débit' ET 'perfusion' dans le champ le plus fort. Préférer 'débit' à 'rythme' (proposé dans le brouillon L10) car c'est le terme réellement tapé par les IDE.","important","<30min","Changement de nom peut demander une revalidation Apple ; marque reste en tête donc pas de perte d'identité.","élevé","optimisation","à faire"
"FICHE-03","P1","Fiche App Store FR & ASO","Zéro avis, aucune stratégie d'amorçage de preuve sociale","Fiche live : 'pas assez de notes', 0 avis (recon §5)","(a) Intégrer requestReview/SKStoreReviewController après un moment de valeur (ex. 3e perfusion menée à terme), jamais au lancement ni derrière le paywall ; (b) amorçage manuel via 10-15 testeurs TestFlight IDE/ESI au jour du lancement ; (c) jamais d'incitation par récompense (interdit Apple).","important","<1j","Prompt mal placé = agacement ; respecter le timing 'moment de valeur' pour l'éviter.","élevé","experimentation","à faire"
"FICHE-04","P1","Fiche App Store FR & ASO","Ordre et texte des captures à optimiser (bénéfice avant fonctionnalité)","Captures fiche live ; brouillon L141-143","1re capture = scène liquide qui bat + gros '42 gtt/min' + légende bénéfice. Ordre : Rythme > Calcul > Alarme de fin > Apple Watch > Perfusions simultanées > Confiance. Chaque capture porte une légende courte incrustée, jamais l'écran nu. Heure 9:41, batterie pleine.","important","<1sem","Refonte visuelle des captures ; ne pas surcharger de texte.","moyen","optimisation","à faire"
"FICHE-05","P2","Fiche App Store FR & ASO","Sous-titre 'Rythme de perfusion' abstrait et redondant","Sous-titre fiche live 'Rythme de perfusion' (19 car.)","Sous-titre = 'Calcul gouttes/min & tempo' (26 car.) ou 'Gouttes/min, calcul & alarme' (28 car.). Éviter de re-mettre 'perfusion' (déjà dans le nom).","modéré","<30min","Aucun significatif ; tester A/B après indexation.","moyen","optimisation","à faire"
"FICHE-06","P2","Fiche App Store FR & ASO","Nom développeur affiché 'TONY KEVIN DOMINEAUX' (capitales, nom légal)","Fiche live, champ développeur (recon §5)","Renseigner un nom d'affichage propre dans ASC ('Dropp' ou 'Tony Domineaux'). Le nom légal reste privé côté Apple ; l'affiché est éditable et cohérent avec l'entreprise individuelle 'Dropp'.","modéré","<30min","Peut nécessiter validation Apple du nom d'affichage.","élevé","correction","à faire"
"FICHE-07","P2","Fiche App Store FR & ASO","La metadata travaillée (nom/sous-titre/promo) n'est pas déployée sur la fiche live","dropp-native/docs/appstore-metadata.md L10-24 vs fiche live","Déployer la metadata affinée (nom P1, sous-titre P2, description L28-84, champ mots-clés L88) dans ASC ; garder la promo live actuelle plutôt que celle du brouillon.","modéré","<30min","Aucun — synchronisation fiche/repo.","élevé","correction","à faire"
"FICHE-08","P2","Fiche App Store FR & ASO","Champ 'Nouveautés' vide","Fiche live, section Nouveautés absente (recon §5)","Renseigner le texte L93 dès la version publique et le mettre à jour à chaque release.","faible","<30min","Aucun.","élevé","correction","à faire"
"FICHE-09","P3","Fiche App Store FR & ASO","Champ mots-clés : confirmer la saisie et réallouer après changement de nom","Brouillon L88-89 (champ 98/100 car.)","Confirmer la saisie dans ASC ; réallouer les mots doublonnés vers 'ml/h', 'perfuseur', 'hôpital', 'étudiant'. Ne jamais mettre 'dose'/'posologie'.","faible","<30min","Aucun ; garde-fou réglementaire à maintenir.","moyen","optimisation","à faire"
"FICHE-10","P3","Fiche App Store FR & ASO","App non indexée dans la recherche 'Dropp'","Recon §5 [HYP]","Pas d'action directe ; les correctifs P0-P1 accélèrent l'indexation. Suivre la position sur 'débit perfusion', 'gouttes minute', 'calcul perfusion' après 2-3 semaines.","faible","<30min","Aucun.","moyen","experimentation","à faire"
"SEO-01","P1","SEO technique, performance & qualité technique du site dropp.care","title et H1 ne contiennent aucun mot-clé cible (marque/émotion seulement)","locales/fr/home.json meta.title + home.html:535 (H1 = ""Dropp""), buildé dans fr/index.html","Garder l'identité de marque mais injecter le mot-clé en tête/queue de title et enrichir le H1 d'une phrase descriptive. Le wordmark géant peut rester le rendu visuel, le <h1> sémantique portant les mots-clés (garder la classe .hs-title ciblée par le scrollytelling JS).","important","<2h","Faible ; ne pas casser le scrollytelling qui cible .hs-title en JS — changer le texte, garder la classe.","élevé","correction","à faire"
"SEO-02","P1","SEO technique, performance & qualité technique du site dropp.care","Aucune architecture de contenu : mono-page x14 langues, rien ne cible les requêtes informationnelles","src/site.config.json:8-13 (4 pages : home/privacy/support/legal)","Créer un petit arbre de pages-outils + guides, une par intention, chacune : outil interactif réel (réutiliser le moteur de calcul existant) + contexte pédagogique court (formule, tableau facteurs 10/15/20/60) + CTA App Store. Décliner via le pipeline i18n existant.","important","<1sem","Faible : pages neuves isolées ; canonical/hreflang auto-gérés par le build. Commencer par calculateur FR+EN, mesurer, étendre.","moyen","decision-strategique","à faire"
"SEO-03","P2","SEO technique, performance & qualité technique du site dropp.care","FAQ (7 Q) non balisée en FAQPage JSON-LD","home.html:992-998","Générer un bloc FAQPage JSON-LD à partir des clés locale home.faq.q*/a*, injecté dans le <head>, via une fonction analogue au JSON-LD existant (home.html:27-29).","modéré","<2h","Faible (additif).","élevé","optimisation","à faire"
"SEO-04","P2","SEO technique, performance & qualité technique du site dropp.care","Vidéo film tente une lecture auto AVEC son + pas de dimensions (risque CLS)","home.html:922-929 (enter: v.muted=false;v.play()) ; home.html:907 (<video> sans width/height) ; home.html:512 (.film sans aspect-ratio)","Démarrer muet par défaut (ne dé-muter que sur clic du bouton Son déjà câblé) et fixer l'aspect via aspect-ratio ou width/height alignés sur le poster.","modéré","<30min","Faible ; vérifier que sync() reflète l'état muet initial.","élevé","correction","à faire"
"SEO-05","P2","SEO technique, performance & qualité technique du site dropp.care","Titres de section (H2) poétiques, sans valeur de requête","home.html (ex. film.title, watch.title « Tout, sans sortir l'iPhone »), 16 h2/h3 au total","Garder le ton premium mais glisser le vocabulaire métier dans 2-3 H2 clés (démo, gestes, tarifs) sans sur-optimiser.","modéré","<2h","Faible ; conserver la longueur pour text-wrap:balance.","moyen","optimisation","à faire"
"SEO-06","P2","SEO technique, performance & qualité technique du site dropp.care","JSON-LD MobileApplication minimal (offers seul, pas de featureList)","home.html:28","Enrichir avec featureList et lien App Store (installUrl/sameAs). Laisser aggregateRating absent jusqu'à obtention d'avis réels.","faible","<30min","Faible.","moyen","optimisation","à faire"
"SEO-07","P3","SEO technique, performance & qualité technique du site dropp.care","CSS/JS inline dupliqués sur 14 langues, non cachables","home.html (≈84Ko tout inline) ; build.js inlinePartials → chaque /{locale}/index.html embarque le même CSS+JS","À n'envisager QUE si l'analytics futur montre de la navigation inter-langues/multi-pages : extraire dropp.css + dropp.js cachables. Sinon statu quo recommandé.","faible","<1j","Modéré : casse potentielle du timing d'exécution JS / de l'inline sans CSP.","moyen","optimisation","à faire"
"SEO-08","P3","SEO technique, performance & qualité technique du site dropp.care","Détails perf/indexation mineurs (lazy img, OG localisée, VideoObject)","home.html:1002 (appicon sans loading=lazy) ; site.config.json:22-23 (og-image unique) ; film sans VideoObject/sitemap vidéo","Ajouter loading=lazy à l'appicon ; optionnellement OG par langue et VideoObject pour le film.","faible","<30min","Faible.","élevé","optimisation","à faire"
"JURIDI-01","P1","Juridique / RGPD / réglementaire (indicatif — pas un avis juridique)","Nom de l'entrepreneur individuel absent des mentions legales","fr/legal.html:162-166 (blocs Editeur + Directeur de la publication)","Nommer explicitement l'entrepreneur individuel comme editeur ET comme directeur de la publication (LCEN art. 6-III-1 : nom + prenom obligatoires pour un editeur professionnel personne physique). Corrige aussi l'incoherence site (anonyme) / App Store (nom complet).","modéré","<30min","Aucun risque technique ; verifier l'orthographe exacte du nom legal a publier (2e prenom facultatif sur le site).","élevé","correction","à faire"
"JURIDI-02","P1","Juridique / RGPD / réglementaire (indicatif — pas un avis juridique)","Aucune mention du renouvellement automatique de l'abonnement","Section Tarifs, locales/fr/home.json:156-178 (recherche 'renouvellement/tacite/reconduction' = 0 sur tout le site FR)","Ajouter sous les prix une ligne claire sur le renouvellement automatique, la conversion de l'essai et le point de gestion. Obligation attenuee par le role d'Apple (vendeur de fait) mais le site ne doit pas induire en erreur (art. L221-5 C. conso + directive Omnibus). A harmoniser avec l'ecran d'achat in-app (regle Apple 3.1.2).","important","<2h","Formulation a valider par un juriste ; risque de deprimer legerement la conversion (croise l'audit CRO) mais reduit le risque de litige dark pattern.","moyen","correction","à faire"
"JURIDI-03","P1","Juridique / RGPD / réglementaire (indicatif — pas un avis juridique)","« Signal de securite » + « eprouve sur le terrain » alourdissent le risque de qualification dispositif medical","locales/fr/home.json:177 (signal de securite), :211 (eprouve sur le terrain), :10 (Precision), :64 (refuse un tempo absurde)","Neutraliser le vocabulaire de securite/performance sans rien retirer a la fonction : « signal de securite » -> « repere de fin » ; « eprouve sur le terrain » -> « pense pour le terrain ». Conserver 'Precision' et 'refuse un tempo absurde' mais les inscrire sous surveillance (voir finding dedie).","important","<30min","Perte marketing minime ; l'effet reel sur la qualification releve de l'avis reglementaire.","moyen","correction","à faire"
"JURIDI-04","P2","Juridique / RGPD / réglementaire (indicatif — pas un avis juridique)","Qualification MDR (regle 11) non tranchee — avis reglementaire obligatoire","Fonction reelle : home.json:63 (volume/duree -> gtt/min), home.json:110-111 (mode Tap -> mL/h), Agent 1 §4","[AVIS JURISTE / AFFAIRES REGLEMENTAIRES OBLIGATOIRE] Commander une note de qualification MDR (regle 11 + MDCG 2019-11 + position ANSM) a un cabinet specialise. En attendant : verrouiller par ecrit une destination unique 'outil d'aide, non dispositif medical' et la repliquer a l'identique site + App Store + app ; purger le vocabulaire ambigu (findings 2.3 et 2.8).","critique",">1sem","Avis externe couteux/long mais structurant : conditionne le droit de distribuer sans marquage CE dispositif medical avant toute montee en charge ou communication clinique.","élevé","verification-juridique","à faire"
"JURIDI-05","P2","Juridique / RGPD / réglementaire (indicatif — pas un avis juridique)","Aucun lien vers l'EULA / conditions de licence depuis le site","Tout le site FR (recherche 'eula/licence/conditions generales' = 0 occurrence)","Ajouter dans les mentions legales / pied de page un lien vers l'EULA applicable (a minima l'EULA standard Apple) et preciser que l'usage de l'app est regi par cet EULA + les conditions App Store.","modéré","<30min","Aucun ; verifier que le lien Apple standard est bien celui applicable (ou pointer vers un EULA custom si l'app en a un).","moyen","correction","à faire"
"JURIDI-06","P2","Juridique / RGPD / réglementaire (indicatif — pas un avis juridique)","Droit de retractation non mentionne","Tout le site FR (recherche 'retractation' = 0)","Ajouter une ligne dans l'assistance renvoyant a la politique de remboursement Apple, gestionnaire de tous les achats.","faible","<30min","Obligation portee principalement par Apple ; omission peu risquee mais la mention coupe court aux reclamations.","moyen","correction","à faire"
"JURIDI-07","P3","Juridique / RGPD / réglementaire (indicatif — pas un avis juridique)","« Prix de lancement » : allegation promotionnelle a securiser","locales/fr/home.json:167 (« prix de lancement, 7 jours d'essai »)","Soit tenir l'engagement (hausse a date connue), soit retirer « de lancement » et garder le prix nu. Ne pas maintenir une offre de lancement perpetuelle.","faible","<30min","Retirer la mention peut reduire l'incitation a l'urgence (impact CRO marginal).","moyen","optimisation","à faire"
"JURIDI-08","P3","Juridique / RGPD / réglementaire (indicatif — pas un avis juridique)","« Precision » (signature) + « refuse un tempo absurde » a surveiller (cumul MDR)","locales/fr/home.json:10 (Rythme · Precision · Soin), :64 (l'app refuse de battre un tempo absurde)","Les conserver pour l'instant (valeur marketing reelle) mais les inscrire dans la note de destination et les reevaluer selon l'avis MDR. Ne pas ajouter d'autres allegations du meme registre (fiable cliniquement, sur, valide).","faible","<30min","Reecriture prematuree = perte marketing inutile ; attendre l'avis reglementaire.","faible","experimentation","à faire"
"JURIDI-09","P3","Juridique / RGPD / réglementaire (indicatif — pas un avis juridique)","Logs techniques de l'hebergeur (GitHub, USA) non signales","fr/privacy.html (politique de confidentialite) ; hebergeur declare fr/legal.html:169","Ajouter une phrase de prudence indiquant que l'hebergeur peut consigner des donnees techniques de connexion selon sa propre politique, independamment de l'editeur qui ne collecte rien.","faible","<30min","Aucun ; renforce la transparence sans contredire le principe 'zero collecte' de l'editeur.","moyen","correction","à faire"
"CONCUR-01","P1","Concurrence & opportunité de marché","La cadence au poignet n'est pas un différenciant : OnDrip fait déjà exactement ça","Positionnement produit + site dropp.care (sections Hero, 'Trois gestes' Calez, Pro Apple Watch) ; concurrent OnDrip id6483362139","Ne pas fonder la défense concurrentielle sur la fonction tempo (copiable et déjà copiée). Déplacer le discours de moat vers l'exécution premium, la marque, l'auteur-soignant, le français, les perfusions simultanées et l'absence de pub. Éviter toute survente d'innovation qui exposerait à la déception.","important","<2h","Aucun risque produit ; risque marketing de perdre un argument accrocheur si la nuance est mal formulée.","élevé","decision-strategique","à faire"
"CONCUR-02","P1","Concurrence & opportunité de marché","Écart de prix d'un ordre de grandeur avec l'ancre de la catégorie","Tarifs (site + fiche App Store) : 2,99 €/mois, 19,99 €/an, 49,99 € à vie","Justifier explicitement la prime (design, support, français, perfusions simultanées, mises à jour) ou tester un palier à vie plus bas / une offre d'appel. Considérer que l'abonnement est atypique dans une catégorie d'utilities à achat unique et doit être argumenté. À valider par expérimentation d'acquisition réelle.","critique","<1sem","Baisser le prix peut dévaloriser la perception premium ; garder le prix haut peut plafonner la conversion. À trancher par test, pas par intuition.","moyen","experimentation","à faire"
"CONCUR-03","P1","Concurrence & opportunité de marché","Ambition internationale contredite par une app FR-only alors que les concurrents sont multilingues","App native dropp-native (FR codé en dur, cf. recon §6) vs site 14 langues ; concurrent Drip Infusion id358073020","Prioriser la localisation EN de l'app (déjà prévue v1.1) avant tout push international, et aligner les langues déclarées sur la fiche. Le site multilingue draine du trafic qui aboutit à une app inutilisable hors francophonie.","important",">1sem","Localiser une app médicale demande relecture métier par langue ; une traduction approximative sur un outil de santé nuirait à la confiance.","élevé","decision-strategique","à faire"
"CONCUR-04","P2","Concurrence & opportunité de marché","Zéro preuve sociale au lancement dans une catégorie où la confiance prime","Fiche App Store FR id6792277373 : 0 avis / 0 note","Mettre en place une sollicitation d'avis in-app (SKStoreReviewController) déclenchée après un moment de succès (perfusion suivie jusqu'à l'alarme de fin), en ciblant d'abord le marché FR pour concentrer les premières notes localisées.","modéré","<1j","Sur-solliciter irrite ; respecter le rythme Apple (quotas) et ne déclencher qu'après valeur perçue.","élevé","optimisation","à faire"
"CONCUR-05","P2","Concurrence & opportunité de marché","Ne PAS copier les fonctions à risque des concurrents (dose, patients, pub)","Concurrents : CalcuDose / Calculatrice Perfusion Poche (dose+pédiatrie), Drip Infusion (liste patients nommés), Drip Helper (publicité)","Maintenir explicitement le refus de ces trois axes comme décision stratégique documentée. Ce sont des pièges réglementaires et de positionnement, pas des lacunes à combler.","modéré","<30min","Aucun ; formaliser un cap déjà pris. Le vrai risque serait de dévier.","élevé","decision-strategique","à faire"
"CONCUR-06","P2","Concurrence & opportunité de marché","Le calcul seul est gratuit partout : ancrer la valeur payante sur le suivi, pas le calcul","Alternatives gratuites : infdepoche.com, espacesoignant.com, infirmiers.com, walter-learning.com + méthode mentale (microgoutte : gtt/min = mL/h)","S'assurer que le discours du site et de l'ASO n'insiste pas sur 'on calcule le débit' (banal, gratuit ailleurs) mais sur 'on tient le rythme, on suit, on prévient, au poignet' — la partie que seule l'app+Watch délivre.","modéré","<2h","Faible ; ajustement de message.","moyen","optimisation","à faire"
"CONCUR-07","P3","Concurrence & opportunité de marché","Niche premium francophone inoccupée : opportunité réelle mais non validée","Analyse §4 : aucun concurrent tempo n'est premium + francophone + marque soignante","Traiter la francophonie comme tête de pont : concentrer contenu, avis et acquisition sur ce segment où Dropp est structurellement supérieur, puis étendre. Valider par des métriques d'acquisition réelles avant d'investir l'international.","modéré","<1sem","Opportunité perçue à confirmer par le terrain ; ne pas surinvestir avant premiers signaux d'adoption.","faible","experimentation","à faire"
"CONCUR-08","P3","Concurrence & opportunité de marché","Découvrabilité ASO : arbitrer marque vs mots-clés face à des concurrents descriptifs","Fiche App Store : nom 'Dropp', sous-titre 'Rythme de perfusion' vs concurrents 'IV Rate Calc / Drip Rate Calculator and Timer'","Conserver la marque tout en s'assurant que les termes cherchés (débit, perfusion, gouttes/min, calcul, infirmier) figurent dans sous-titre/mots-clés/description. Chevauche l'audit ASO d'un autre agent ; ici c'est cadré côté concurrence (les rivaux captent la recherche générique).","faible","<30min","Faible ; ne pas dénaturer la marque en bourrage de mots-clés.","moyen","optimisation","à faire"
"MESURE-01","P0","Mesure & expérimentation (analytics, funnel, KPI, A/B, tests utilisateurs)","Attribution site vers App Store cassee: CTA en URL nue, sans token de campagne ct","src/site.config.json:4 (appStoreUrl); CTA dans src/templates/home.html:573 (hero), :977 (tarifs), :1005 (badge closing)","Ajouter un token ct distinct par CTA. Aucun cookie, aucun JS, aucune collecte cote site: la promesse 'ne depose aucun cookie et ne collecte aucune donnee' reste litteralement vraie, c'est Apple qui agrege cote store. C'est le levier le plus rentable et le moins couteux pour la promesse.","important","<2h","Quasi nul et reversible. Ne pas confondre ct (campagne, gratuit, aggrege) avec du tracking: aucune donnee utilisateur, aucun consentement requis, aucune MAJ des pages legales necessaire.","élevé","optimisation","à faire"
"MESURE-02","P0","Mesure & expérimentation (analytics, funnel, KPI, A/B, tests utilisateurs)","App Store Connect / App Analytics disponible mais non structure en source de verite","App Store Connect (app id 6792277373); aucun tableau de bord ni funnel dans le repo (docs/)","Formaliser MAINTENANT (pre-lancement) le funnel a 10 etapes et un tableau de bord hebdo 1 page a 4 blocs (Acquisition/Activation-retention/Monetisation/Sante), extrait manuellement ou via l'API App Store Connect. Une ligne = un chiffre + sa tendance vs semaine precedente; si une ligne ne declenche pas de decision, elle sort.","important","<1j","Depend de l'opt-in utilisateur 'Partager avec les developpeurs' (donnees partielles mais non biaisees). Ne pas piloter sur des volumes trop faibles au debut.","moyen","decision-strategique","à faire"
"MESURE-03","P1","Mesure & expérimentation (analytics, funnel, KPI, A/B, tests utilisateurs)","Trancher explicitement la question de l'analytics site (jamais vs cookieless un jour)","locales/fr/privacy.json:3,5,18 et locales/fr/legal.json:14 (engagements publies)","Decision recommandee: rester pur, ZERO analytics site, et s'appuyer entierement sur Apple (ct + App Analytics + Product Page Optimization). N'envisager un analytics cookieless que si le haut de funnel devient un vrai besoin ET apres MAJ assumee des pages legales — jamais en douce. Documenter la decision pour ne pas la reouvrir a chaque tentation.","modéré","<30min","Le vrai risque est de fissurer un actif de confiance pour une mesure a faible valeur immediate. Une fois 'aucune collecte ne changera pas' rompu, la credibilite ne se recupere pas.","moyen","decision-strategique","à faire"
"MESURE-04","P1","Mesure & expérimentation (analytics, funnel, KPI, A/B, tests utilisateurs)","Funnel et distinction metriques essentielles vs vanite jamais formalises","Absence dans docs/ ; concerne l'ensemble du pilotage produit","Adopter la liste: ESSENTIELLES = conversion vue->download, impression->download, downloads par ct, taux d'essai, conversion essai->payant, churn/retention abo M1/M3, retention app J1/J7/J28, crash, desinstallations. VANITE (bannies du pilotage) = downloads cumules, impressions brutes seules, '14 langues' comme trophee, esthetique non mesuree, sessions sans retention.","modéré","<30min","Faible. Le danger inverse est de sur-mesurer et se noyer; garder 4 blocs.","élevé","optimisation","à faire"
"MESURE-05","P1","Mesure & expérimentation (analytics, funnel, KPI, A/B, tests utilisateurs)","Product Page Optimization non utilise et A/B sous-puissants a volume nul","App Store Connect (Product Page Optimization); recon 01-reconnaissance.md:53-54 (0 download, 0 avis, app non indexee)","Preparer un backlog A/B priorise (T1: 1re capture = resultat gtt/min plein ecran; T2: icone signal goutte/cadence; T3: sous-titre 'debit en gouttes/min' vs 'Rythme de perfusion') mais NE lancer qu'apres avoir atteint un volume reel (plusieurs centaines de vues fiche par variante). Priorite = poser la mesure et generer du trafic AVANT de tester.","modéré","<1sem","Conclure sur des echantillons trop petits = pire que ne pas tester. Fixer un seuil minimal de conversions/variante avant de lire.","élevé","experimentation","à faire"
"MESURE-06","P2","Mesure & expérimentation (analytics, funnel, KPI, A/B, tests utilisateurs)","Aucun protocole de test utilisateur avec des soignants","Absence de protocole; concerne la validation compréhension/offre/reglementaire","Lancer un test modere 30-40 min, penser a voix haute, 3-4 infirmiers (perfusions gravitaires) + 2-3 etudiants IFSI, AVANT de scaler l'acquisition. Mesurer: succes de tache, temps, frictions, malentendus (surtout perception 'dispositif medical'), note de recommandation. Regle: probleme vu par >=2/5 = corriger avant de scaler.","modéré","<1sem","Recruter des non-soignants ou des proches = biais de complaisance. Aucune donnee patient; enregistrement seulement avec consentement, supprime apres analyse.","élevé","experimentation","à faire"
"MESURE-07","P2","Mesure & expérimentation (analytics, funnel, KPI, A/B, tests utilisateurs)","Angle mort activation in-app: assumer le proxy retention plutot qu'un SDK","App native (dropp-native); confidentialite home.json:182 'Aucune donnee transmise', privacy.json:5","Assumer explicitement le proxy: retention J1/J7 + sessions par appareil (fournis par App Analytics agrege, sans code) comme signal d'activation. NE PAS ajouter de SDK d'evenements in-app. Le cout promesse (critique) depasse le gain d'un funnel in-app fin a ce stade.","modéré","<30min","La verification juridique est essentielle: un event in-app 'anonyme' reste une collecte au sens de la promesse publiee et de la fiche App Store 'aucune donnee collectee' — a ne pas faire sans revue.","moyen","verification-juridique","à faire"
"MESURE-08","P3","Mesure & expérimentation (analytics, funnel, KPI, A/B, tests utilisateurs)","Piege des metriques de vanite dans le pilotage","Communication produit; recon 01-reconnaissance.md:13-14 ('14 langues'), CTA/hero WebGL","Exclure ces metriques du tableau de bord de pilotage. Juger la couverture linguistique par les downloads/conversions par territoire, pas par le nombre de locales. Juger le hero/film seulement le jour ou il est mesure (conversion), pas a l'esthetique.","faible","<30min","Aucun. Simple discipline de reporting.","élevé","optimisation","à faire"
"RED-TE-01","P1","red-team","'Le hero doit nommer la fonction et le public' est une preference CRO non mesuree, pas un fait critique (conteste Agent 02 P0)","docs/audit-agents/02-cro-conversion.md (P0 hero) ; src/templates/home.html:534-538","Ne pas reecrire le hero a l'aveugle. Trancher par le premier levier mesurable (App Store Product Page Optimization sur la 1re capture) et le test modere 5 utilisateurs de l'agent 12 ('en 20 s, a quoi sert l'app et a qui ?'). Si <2/5 echouent, la 'critique' tombe.","modéré","<1sem","Le vrai risque est de degrader le parti pris premium minimal (force documentee) sur une hypothese non testee, en croyant corriger un defaut.","élevé","decision-strategique","à faire"
"RED-TE-02","P1","red-team","'0 avis' compte 5 fois : un etat de lancement transforme en 5 problemes P1 (conteste Agents 05, 07, 10, 11, 12)","docs/audit-agents/ 05,07,10,11,12 (findings preuve sociale)","Dedupliquer en un seul item d'action : requestReview depuis DoneView apres N fins reussies (plafond Apple). Juger ensuite par App Analytics une fois un volume reel atteint. Ne pas laisser ce theme peser sur 5 domaines.","modéré","<30min","Faible ; risque inverse = faire croire que la preuve sociale est le probleme dominant alors que c'est un sous-produit du non-lancement.","élevé","correction","à faire"
"RED-TE-03","P1","red-team","Inversion de priorite : la qualification MDR (seul impact qui peut stopper la distribution) est classee P2, et Agent 09 se contredit (conteste Agent 09)","docs/audit-agents/09-juridique-reglementaire.md (MDR en P2 ; reecriture copy en P1)","Faire de l'avis de qualification MDR (regle 11 / MDCG 2019-11) le P0 reel, gate business. Preparer les reecritures de copy (reversibles) mais NE PAS les deployer avant l'avis ; ne pas amputer 'Precision'/'signal de securite' tant que le juriste n'a pas confirme le sens du faisceau.","critique",">1sem","Suivre l'ordre actuel : soit distribuer sans avoir tranche le point qui peut halter le business, soit sacrifier le marketing par prudence excessive non validee.","élevé","verification-juridique","à faire"
"RED-TE-04","P2","red-team","CTA collant / header persistant : playbook CRO generique qui degrade le hero epure (conteste Agents 02 et 03)","docs/audit-agents/02-cro-conversion.md et 03-ux-ui-accessibilite.md (CTA persistant, sticky header)","Un seul test a la fois, une fois le trafic ct-tracke : barre CTA collante discrete vs controle, decision sur downloads par ct. Pas de deploiement sur intuition. Depend d'abord de la pose des tokens ct (agent 12).","modéré","<1j","Degrader la seule entree visuellement distinctive pour un gain de conversion non demontre.","moyen","experimentation","à faire"
"RED-TE-05","P2","red-team","'Prix 15x OnDrip, tester un a-vie plus bas' repose sur des donnees concurrentes [NV] et une comparaison biaisee (conteste Agent 11 P1)","docs/audit-agents/11-concurrence-marche.md (ecart de prix) ; 01-reconnaissance.md:72 (concurrents [NV])","Verifier d'abord les prix/fonctions concurrents de premiere main. Tester le prix par experimentation storefront reelle (conversion vue->download par palier), pas par intuition d'ancre. Ne pas baisser sur une comparaison non verifiee.","modéré","<1sem","Devaloriser le positionnement premium (le moat revendique) sur des donnees non verifiees.","moyen","experimentation","à faire"
"RED-TE-06","P2","red-team","Construire un arbre SEO pour 'calcul debit perfusion' contredit le positionnement de valeur (conteste Agent 08 P1 vs Agent 11 P2)","docs/audit-agents/08-seo-technique-performance.md (pages-outils) vs 11-concurrence-marche.md (calcul = commodite gratuite)","Valider l'intention mot-cle -> download sur UNE page FR ct-trackee avant de batir un arbre. Etendre seulement si le download attribue est reel.","modéré","<2h","Investir un chantier de contenu pour drainer un trafic a faible conversion et renforcer l'association 'commodite gratuite' que la marque veut fuir.","moyen","experimentation","à faire"
"RED-TE-07","P2","red-team","Dark mode du site : effort >1sem sur une hypothese de bounce nocturne non testee (conteste Agent 03 P2)","docs/audit-agents/03-ux-ui-accessibilite.md (thème sombre du site)","Traiter comme une decision, pas un defaut : exiger un signal (part de visites nocturnes, verbatims terrain) avant d'engager le chantier. Prioriser d'abord les correctifs contraste AA, eux reels et cheap.","faible",">1sem","Engager un chantier lourd multi-langues sur une intuition, en repoussant les correctifs d'accessibilite reellement dus.","moyen","decision-strategique","à faire"
"RED-TE-08","P3","red-team","Notation qui penalise des etats pre-lancement comme des defauts de qualite (conteste la methode d'agregation, ex. Agent 12 a 22)","docs/audit-agents/12-analytics-experimentation.md (score 22) ; 05/08/11 (60-63)","Separer explicitement dans la synthese 'etat pre-lancement (se resout)' de 'defaut a corriger maintenant'. Ne pas moyenner les deux dans un score unique qui donne une lecture faussement alarmiste.","faible","<30min","Piloter sur des scores pessimistes biaises et sur-investir a corriger des etats qui disparaitront seuls au lancement.","moyen","decision-strategique","à faire"
"RED-TE-09","P3","red-team","Trous factuels mineurs a ne pas propager : revalidation binaire et triple-comptage de 'eprouve sur le terrain' (conteste Agents 07 et 04/05/09)","docs/audit-agents/07-app-store-aso.md (revalidation) ; 04,05,09 ('eprouve sur le terrain')","Dedupliquer 'eprouve sur le terrain' en un seul item ; corriger la nuance revalidation binaire vs revue metadonnees pour ne pas surdimensionner le frein au changement de nom.","faible","<30min","Aucun ; corrections redactionnelles et de deduplication.","élevé","correction","à faire"
"PRODUI-01","P0","Produit / Activation / Rétention","Permission notif ni préparée ni rattrapée : échec silencieux du hook entier","dropp-native/DroppKit/Sources/DroppKit/LocalNotificationScheduler.swift:93-98 (ensureAuthorization) ; aucune vue ne teste .denied (grep authorizationStatus/.denied = 1 seule occurrence, ligne 96, sur .notDetermined)","Ajouter (1) un écran/feuille d'amorçage de valeur juste avant la 1re demande ('Dropp vous prévient à la fin de la perfusion — autorisez les notifications') ; (2) une détection permanente de authorizationStatus == .denied avec un bandeau discret persistant renvoyant vers UIApplication.openSettingsURLString. Sans notif autorisée, prévenir que l'alarme ne sonnera pas.","critique","<2h","Faible : ajout d'UI conditionnelle et d'un check d'autorisation, sans toucher au flow existant. Veiller à ne pas re-prompter (une seule demande système possible).","élevé","correction","à faire"
"PRODUI-02","P1","Produit / Activation / Rétention","Aucun prompt d'avis in-app : 0 note, pas de preuve sociale ni de rappel de valeur","dropp-native (grep requestReview/SKStoreReview = 0 occurrence) ; moment idéal non exploité : Dropp/Views/DoneView.swift ; fiche App Store = 0 avis / 0 note (recon 01 §5)","Déclencher requestReview() depuis DoneView après N fins réussies (ex. 3e), avec garde-fou (jamais plus d'1 fois, Apple plafonne à 3/an). Ne jamais le déclencher après un échec ou un remplacement.","important","<2h","Faible. Seul risque : sur-solliciter → respecter le plafond et cibler les fins naturelles réussies uniquement.","élevé","optimisation","à faire"
"PRODUI-03","P1","Produit / Activation / Rétention","Habitude fragile pour le Free : aucune surface de lancement rapide (widget/raccourci/Control Center)","dropp-native (grep WidgetKit/Complication = 0 ; AppIntents de lancement = 0, seul WatchDoubleTap.swift utilise AppIntents pour le geste) ; friction dans Dropp/Views/NewSessionView.swift:149-182","Ajouter un widget (Lock/Home Screen) et un App Shortcut 'Nouvelle perfusion' GRATUITS. Un lancement gratuit à faible friction fait plus pour l'habitude (et donc la conversion ultérieure) qu'une fonction Pro de plus. L'Apple Watch résout la friction mais elle est payante — le Free ne doit pas rester condamné à ressortir le téléphone.","modéré","<1sem","Modéré : nouvelle cible Widget + partage d'état via App Group (déjà en place). Ne pas dupliquer la logique de notif ; réutiliser AppState.","moyen","experimentation","à faire"
"PRODUI-04","P1","Produit / Activation / Rétention","Justification d'abonnement récurrent structurellement faible (risque churn/remboursement annuel)","dropp-native/Dropp/Views/PaywallView.swift:30-38 (features) et 66-92 (plans) ; option à vie ligne 86-92","Assumer que le 'à vie' cannibalise l'abonnement (cohérent avec le pilier 'un seul achat'). Positionner l'abonnement comme rampe d'accès à faible engagement (essai + mensuel), mettre en avant le 'à vie' comme destination, et piloter le modèle sur le taux de renouvellement annuel plutôt que d'en faire le cœur. Ne pas empiler des fonctions Pro décoratives en croyant justifier le récurrent.","modéré","<1j","Faible côté implémentation (copy/hiérarchie du paywall) ; décision stratégique sur le mix de revenus à trancher côté produit.","moyen","decision-strategique","à faire"
"PRODUI-05","P2","Produit / Activation / Rétention","Décalage de langue = rebond de première session pour les non-francophones","Fiche App Store : langues déclarées 'Anglais' (recon 01 §5) ; UI app 100% FR codée en dur, aucune localisation (recon 01 §6 ; dropp-native sans .lproj/String Catalog)","Aligner la langue déclarée sur la réalité (FR) tant que l'app n'est pas localisée, OU accélérer la localisation EN (prévue v1.1). La mécanique fiche relève de l'agent ASO ; l'impact ici est rétention/première session. Ne pas exposer l'app aux stores anglophones avec une UI FR.","important","<30min","Faible (métadonnées). La vraie correction de fond = localisation, effort plus large hors périmètre.","élevé","correction","à faire"
"PRODUI-06","P2","Produit / Activation / Rétention","Fréquence réelle du job-to-be-done non validée = plafond de rétention structurel","Positionnement produit (calcul de débit en gouttes / perfusion par gravité) — brief CLAUDE.md dropp-native ; recon 01 §CONTEXTE","Valider la fréquence réelle d'usage par segment (étudiants infirmiers, IDE libéraux/HAD, urgences, blocs) avant d'investir en fonctions. Cibler en priorité l'acquisition sur les segments à forte fréquence de perfusion par gravité (formation, libéral, HAD), où l'habitude peut se former.","important",">1sem","Faible (recherche, aucun changement de code). Risque de ne pas le faire : plafonner la rétention sans le savoir et sur-investir en fonctions.","faible","decision-strategique","à faire"
"PRODUI-07","P3","Produit / Activation / Rétention","Historique Pro sous-exploité comme renfort d'habitude (dans le respect réglementaire)","dropp-native/DroppKit/Sources/DroppKit/AppState.swift:155-171 (history, plafonné à 10) ; PaywallView.swift:35","Afficher un compteur agrégé discret de perfusions menées à terme (pas d'horodatage patient, pas de journal de constantes — rester hors périmètre MDR). Renforce le sentiment 'ça marche à chaque fois' sans rien monétiser de sensible.","faible","<2h","Faible, mais garder une vigilance réglementaire : aucun horodatage de constantes, aucune donnée patient. Compteur d'événements uniquement.","moyen","optimisation","à faire"
